
INSERT INTO PUBLIC.USER(USER_ID, USERNAME, PASSWORD) VALUES
('1', 'admin',
'$2a$10$EvtSzzGF1zjlYGdLFnFBO.N/R5qbi3yxksRBy99otIPxEtoFOgxAu'), -- admin
('2', 'anotheradmin',
'$2a$10$VBzKSLlzyjZgiYCWBMInWeIsLbuUMPkPLg3eCVNlHYlBqFvYtF0Cu'); -- anotheradmin

INSERT INTO PUBLIC.CITY(CITY_ID, NAME, CREATION_DATE, USER_ID) VALUES
('1', 'London', '2019-05-13', '1'),
('2', 'New York', '2019-07-20', '2'),
('3', 'Los Angeles', '2018-04-13', '1'),
('4', 'Seattle', '2017-03-02', '1'),
('5', 'Melbourne', '2017-04-10', '2'),
('6', 'Paris', '2017-04-10', '1'),
('7', 'Moscow', '2017-04-10', '2'),
('8', 'Tokyo', '2017-04-10', '1'),
('9', 'Stockholm', '2017-04-10', '2'),
('10', 'San Francisco', '2017-04-10', '2'),
('11', 'Miami', '2017-04-10', '1'),
('12', 'Boston', '2017-04-10', '1'),
('13', 'Oslo', '2017-04-10', '2'),
('14', 'Munich', '2017-04-10', '1'),
('15', 'Frankfurt', '2017-04-10', '2'),
('16', 'Brussels', '2017-04-10', '2'),
('17', 'Warsaw', '2017-04-10', '1'),
('18', 'Gdansk', '2017-04-10', '1'),
('19', 'Baku', '2017-04-10', '2'),
('20', 'Turku', '2017-04-10', '1'),
('21', 'Nicea', '2017-04-10', '2'),
('22', 'Athens', '2017-04-10', '1'),
('23', 'Madrid', '2017-04-10', '2'),
('24', 'Berlin', '2017-04-10', '2');

INSERT INTO PUBLIC.FLIGHTCONNECTION(ID, DEPARTURECITY, ARRIVALCITY, FLIGHTDATE) VALUES
('1', '1', '2', '2017-04-10 18:23'),
('2', '3', '4', '2017-04-10 19:10'),
('3',  '5', '6', '2017-04-10 20:13'),
('4', '7', '8', '2017-04-10 15:20'),
('5', '9', '10', '2017-04-10 07:15'),
('6', '11', '12', '2017-04-10 04:30'),
('7', '13', '14', '2017-04-10 20:53'),
('8', '15', '16', '2017-04-10 14:12'),
('9', '17', '18', '2017-04-10 18:22'),
('10', '19', '20', '2017-04-10 19:31'),
('11', '21', '22', '2017-04-10 23:40'),
('12', '23', '24', '2017-04-10 18:17'),
('13', '1', '4', '2017-04-10 21:29');
